epoch,train_loss,val_loss,val_accuracy,val_precision,val_recall,val_f1,val_iou,lr
1,1.3795351726668221,1.1911264657974243,0.9233841896053605,0.33419439880607205,0.8489766500511133,0.47636150554318474,0.31432765933636814,9.990133642141359e-05
2,1.1757417555366243,1.0391234382987022,0.9379885196682212,0.37841994455466893,0.8406534675667022,0.5179803047615873,0.3516746425069679,9.96057350657239e-05
3,1.0365891573684556,0.9094730541110039,0.9629087448116443,0.5261029034249642,0.8075126971907796,0.6292665833230643,0.4627846302943237,9.911436253643444e-05
4,0.9370077348181179,0.8434577845036983,0.9624273777004384,0.5177786095143104,0.837706796591293,0.6340039102501692,0.4686376308712841,9.842915805643155e-05
5,0.870504405349493,0.76894286647439,0.9662284851070532,0.545425520466111,0.8316933403417917,0.6537308296891142,0.49008991864240126,9.755282581475769e-05
6,0.79030770276274,0.6960454396903515,0.9717316627498735,0.6106678940319648,0.7985971986651973,0.6859868515243864,0.5261418264603132,9.648882429441257e-05
7,0.7475014291703701,0.6357449479401112,0.9752941131588078,0.6639044338951082,0.7604263740398156,0.701013611238295,0.5446224104124122,9.524135262330098e-05
8,0.6855948716402054,0.602229418233037,0.9755504131313416,0.6647764765269171,0.7633468567913729,0.7003802840193325,0.5443915120639568,9.381533400219317e-05
9,0.6453111746481487,0.5665915478020906,0.976206541061029,0.6818271950502387,0.7485272378463126,0.7026869615528778,0.5474307371106701,9.221639627510075e-05
10,0.6047698474888291,0.5277268886566162,0.9777309894558037,0.7346774055418899,0.6999426578913944,0.7049000391950849,0.550378990125461,9.045084971874735e-05
11,0.5722460046942744,0.49248296953737736,0.9768099784847347,0.6838741651925048,0.7720693744623852,0.7195253677624446,0.5669259437134063,8.852566213878945e-05
12,0.5468909836241177,0.48907677456736565,0.974289417266474,0.6482862074542365,0.7806821666850857,0.7014119053053154,0.545212877165231,8.644843137107056e-05
13,0.5196262688509056,0.46988807804882526,0.9779016971584404,0.7189657266140954,0.7334907952130441,0.7152967324472755,0.5634992287850892,8.422735529643442e-05
14,0.5030834323593548,0.4524258989840746,0.9776587486263361,0.7127384978406506,0.7370179514841968,0.7137849246994953,0.5604122016292744,8.187119948743447e-05
15,0.49775670655071735,0.4282973073422909,0.9781479835506522,0.7148351616135075,0.751699636562997,0.7267231129077623,0.5760475228154821,7.938926261462366e-05
16,0.4737908204219171,0.4191037714481354,0.9770393371578305,0.674988442799258,0.8007500032384421,0.7263352243031154,0.5749807980988891,7.679133974894982e-05
17,0.45718144279505524,0.40927908942103386,0.9766709804531187,0.670113505382748,0.8122947637936393,0.7286055084657478,0.577289038178081,7.408768370508575e-05
18,0.44539665284433533,0.4084341898560524,0.9791009426113206,0.7360023491220935,0.7328197833519565,0.7271881007255968,0.5770462067202029,7.128896457825361e-05
19,0.43723571406943457,0.41036735847592354,0.978960037231072,0.7494845922770919,0.7123307349345033,0.7194421324445035,0.5686256757319241,6.840622763423389e-05
20,0.4327074071126325,0.3851910326629877,0.9792306423183521,0.7245339812712278,0.7653823297351259,0.7384559631740978,0.5901130770390886,6.545084971874736e-05
21,0.4191590103187731,0.3912287876009941,0.9798223972316817,0.7585303826764536,0.7209806049866021,0.7303469754925654,0.581308038821993,6.243449435824272e-05
22,0.4231062347867659,0.3906243909150362,0.9797794818874436,0.7615515247925825,0.7140947381853273,0.7273427718652454,0.5778424860066499,5.9369065729286224e-05
23,0.40984808108104126,0.3794784117490053,0.979514598846062,0.738678540140323,0.7488975927785526,0.7369766956597231,0.5884661363999811,5.626666167821521e-05
24,0.41426652829561916,0.3625393081456423,0.97970080375634,0.7208166357078168,0.7909113774564851,0.7497581897639425,0.6039167428270382,5.3139525976465657e-05
25,0.41499839244144304,0.36647471971809864,0.9795143604274827,0.7246537243161537,0.7727426231789319,0.7426671506796664,0.5950001581672095,4.999999999999998e-05
26,0.39672301337122917,0.36525352858006954,0.979719638824089,0.7313807423684554,0.7651830960468142,0.7424318465969276,0.5948925567718356,4.6860474023534314e-05
27,0.38925976439246107,0.35214420408010483,0.9802381992336348,0.734854091204401,0.7794174223555382,0.751916212052783,0.6067780475581274,4.3733338321784775e-05
28,0.39119052115295616,0.35925228521227837,0.9800212383266526,0.7399550585266509,0.7649916994759611,0.745632532352808,0.5989439490933831,4.063093427071375e-05
29,0.37948618829250336,0.36344236694276333,0.9805307388301924,0.763803407107989,0.7366031572020337,0.7415503838024586,0.5949380159503213,3.756550564175724e-05
30,0.3791124134191445,0.35125045850872993,0.9807939529415203,0.7572619363469858,0.7578195568617403,0.7513251192611099,0.6064010319409805,3.454915028125263e-05
31,0.3800881358661822,0.3638174310326576,0.9804372787471846,0.762489833395844,0.7312768863965885,0.7399093561673054,0.592341565123585,3.1593772365766105e-05
32,0.37533601080732687,0.3453355561941862,0.9806096553798749,0.7407780968515065,0.7808197243278101,0.7553942211480593,0.6111915285978406,2.8711035421746357e-05
33,0.37807570384549244,0.3484591245651245,0.9804842472072675,0.7457426177178588,0.7679756831090043,0.7511806204373014,0.60620003467887,2.591231629491422e-05
34,0.3679853462214981,0.35538365319371223,0.9804325103756024,0.7552853550296779,0.7494183764620183,0.7451554662068148,0.5990035664124369,2.3208660251050148e-05
35,0.36652105261704754,0.3546755565330386,0.9809072017665935,0.7750073619936148,0.7332228487940984,0.7461182066467733,0.6005447110096978,2.061073738537634e-05
36,0.36398029061300413,0.3434669114649296,0.9804170131679608,0.7342145001367468,0.7872015014597791,0.7538522626255962,0.6095262580510263,1.8128800512565503e-05
37,0.35902267188898157,0.34854703210294247,0.9809515476223063,0.7686037429551744,0.7460769190006246,0.7504514466239302,0.605608985670624,1.5772644703565555e-05
38,0.36034797730722595,0.35434406250715256,0.980861186980827,0.773628893140926,0.7319586800721097,0.7444133086051711,0.5984770555381862,1.3551568628929426e-05
39,0.36172962760818855,0.3526748102158308,0.980499267577751,0.7580481034103338,0.7478416042092143,0.7462775834704639,0.6001965888878831,1.1474337861210536e-05
40,0.35728904431951897,0.35171725042164326,0.9807684421535564,0.7690017169396244,0.7400261623907446,0.7467859280856658,0.6010660950112923,9.549150281252626e-06
41,0.36063118119324955,0.34078674111515284,0.9809873104091716,0.7567170634905819,0.7660655945335095,0.7550669943426027,0.6112954248173315,7.783603724899252e-06
42,0.3540770283767155,0.36071931198239326,0.9805781841274336,0.7742699929392105,0.7253935256273679,0.7400978537597608,0.5933982407080682,6.184665997806817e-06
43,0.35767102680568186,0.34904506988823414,0.9809234142299724,0.7673383830775867,0.7434787256418988,0.7484452509791341,0.6031119367417859,4.75864737669903e-06
44,0.3528386079041021,0.3401047857478261,0.9810178279872966,0.7560040416296082,0.7660575161083133,0.7546743894274606,0.6108115235514384,3.5111757055874303e-06
45,0.35543970045234474,0.34222621750086546,0.9811074733730388,0.7621510717477928,0.7578950339033846,0.7535746132759251,0.609478062372549,2.4471741852423216e-06
46,0.3570048505706446,0.3570015076547861,0.9806690216060711,0.7672564764888283,0.7310004335653861,0.7419657036271147,0.5951706930871251,1.5708419435684504e-06
47,0.351090348724808,0.34259440191090107,0.9808111190792156,0.7533511771146014,0.7641623437223499,0.7528264055357803,0.608301403303237,8.856374635655631e-07
48,0.3556976595095226,0.34492446295917034,0.9810509681697918,0.7635167433959673,0.7533891856905298,0.7520398102403031,0.6076356810497524,3.942649342761114e-07
49,0.3526203625702432,0.34823497757315636,0.9808142185207439,0.7615279568092396,0.7487079183558433,0.7484909709215317,0.6030556950251337,9.866357858642197e-08
50,0.3601062963051455,0.33656513039022684,0.980978727340324,0.7484548590927034,0.7790749715699016,0.757858300895247,0.6146582737036086,0.0
