epoch,train_loss,val_loss,val_f1,val_accuracy,val_precision,val_recall,val_iou,lr
1,1.3727760488922531,1.2986124792406637,0.02734269471699296,0.9232030088598753,0.047773286752690505,0.029598180228979178,0.014194283917077527,9.997532801828658e-05
2,1.2401656769417428,1.2666095226041731,0.09004176334844191,0.8346016455272613,0.07662655686661327,0.16613469610395162,0.05341832097717221,9.990133642141359e-05
3,1.2159911235173544,1.2487369525817134,0.12215512102907666,0.7670440673825188,0.09042430565452154,0.3089457001067832,0.07348563518832887,9.977809823015401e-05
4,1.2122809895524034,1.2364430081459783,0.12208442867027855,0.8034555535564355,0.09036758442068182,0.2649116927605919,0.0752768674394974,9.960573506572391e-05
5,1.2019820899576754,1.2367377204279746,0.11611412702594565,0.8019004543780138,0.08466469713880384,0.25678149925958366,0.07069001651089774,9.93844170297569e-05
6,1.196939404912897,1.255644388737217,0.1220007684648622,0.80169344141385,0.09493496925063158,0.2684052105761494,0.07324202482124605,9.911436253643445e-05
7,1.1883631986540717,1.3070526007683045,0.12142442699128946,0.7251897649723625,0.08678635067416167,0.3575627028689692,0.07127114929101744,9.879583809693738e-05
8,1.191846864610105,1.258417862076913,0.08132374997063145,0.8844892370552663,0.10178859735529461,0.12055387999269376,0.045768514890398154,9.842915805643157e-05
9,1.1744568454252706,1.2556337733422556,0.13487804595860287,0.755233888201096,0.10087956705268532,0.3722433435670815,0.07936162756212908,9.801468428384717e-05
10,1.164645318942027,1.2811603603824493,0.1274457902154608,0.7485350944732391,0.08593163391907277,0.367854528430212,0.07468654576459559,9.75528258147577e-05
11,1.1596324846551225,1.2756059256292158,0.12665632045003583,0.7615016674702927,0.09973203905901937,0.33017844073876307,0.07585996672574694,9.70440384477113e-05
12,1.1554019734666154,1.2423503571941006,0.11397805130057201,0.84507164588309,0.1091867107907189,0.24650241837127052,0.06658838476899508,9.64888242944126e-05
13,1.1444693718944583,1.260800462576651,0.11832502793286452,0.7978553308646046,0.08985868699525112,0.29222179463277503,0.07070442902171235,9.588773128419907e-05
14,1.1289714973252098,1.388748360256995,0.13382167459389338,0.7697988039083274,0.09617823174255159,0.3476364781510996,0.07971176981417899,9.5241352623301e-05
15,1.1134632056897824,1.3380341135686444,0.13794356691295603,0.7759343197468245,0.10280555366648597,0.33550429377728747,0.08218363726387398,9.455032620941843e-05
16,1.1008029203694145,1.4055933442807966,0.11788211340298602,0.7599179040079644,0.08237818872807758,0.36086362029950375,0.06983077763314065,9.381533400219321e-05
17,1.0952844471544834,1.4076383209997607,0.12832729959576933,0.7406115203731033,0.08609108501072041,0.385003162475844,0.07570364151678675,9.303710135019722e-05
18,1.0899608733417752,1.3967134712203857,0.12445315886128737,0.7665113070712839,0.08867090928077231,0.3479014443373544,0.07302605059622841,9.22163962751008e-05
19,1.0771434133117264,1.4157213068777514,0.13476166575174348,0.7280170270785737,0.09704099321458565,0.4172810526105709,0.07978856309049893,9.135402871372814e-05
20,1.0547623904975685,1.4403771306237867,0.12633516614377377,0.7353062803443225,0.08661632277504423,0.4079264562673878,0.0748963301320886,9.045084971874742e-05
21,1.0517617476416063,1.632320039695309,0.1292811586608641,0.7049510507928413,0.08697913646562906,0.44726877301350143,0.07637736275801567,8.950775061878456e-05
22,1.038556176155537,1.4554461279223043,0.13257686974757463,0.7449176494888978,0.09904046462346397,0.3961986412788721,0.07839548296230163,8.85256621387895e-05
23,1.0171422543289426,1.5553040302568866,0.117915378711424,0.7647028007967724,0.0869332804847563,0.33616786445061575,0.06904355671730321,8.750555348152302e-05
24,1.0102369849209314,1.4994391010653587,0.11128564367701525,0.7350257533761737,0.07675764259074844,0.36509920411302244,0.06423530922657054,8.644843137107061e-05
25,1.0006942613167806,1.4606968962377118,0.1057012042914939,0.7903981073662206,0.07627835135414819,0.3087940871447736,0.061268183571171385,8.53553390593274e-05
26,0.9919671291703577,1.4505370316966888,0.12016214830503875,0.7747018790917771,0.08994107165855408,0.3162648734117457,0.07159386600537637,8.422735529643446e-05
27,0.9879653547261212,1.4615282858571699,0.12302641404692469,0.7662529578572792,0.0968677670891912,0.35156000481207067,0.07271592341635222,8.306559326618262e-05
28,0.99291319820258,1.39429148647093,0.1281039920242434,0.808041035887374,0.10297283782759635,0.2998724728827598,0.07781530212527743,8.187119948743451e-05
29,0.9738973785091091,1.5034397590544917,0.13374839363555072,0.7691402666961569,0.09868452742509694,0.36539468435763894,0.0786461474192517,8.064535268264886e-05
30,0.9504740183417861,1.4330321146595864,0.13056520303684183,0.7778199230608105,0.09270169215067951,0.37420728950802734,0.07704285719379601,7.93892626146237e-05
31,0.9381251856013462,1.4832124373605173,0.11777117694247628,0.7779338388787508,0.08612243665356685,0.3542664002999385,0.06885654533844782,7.810416889260657e-05
32,0.9271712037357124,1.5043595039075421,0.12126724750232375,0.7522775132643567,0.0977414861514169,0.3619629853676286,0.07102832075071716,7.679133974894987e-05
33,0.9261035516455367,1.4823736327309762,0.11202610388024739,0.7777085400783018,0.09042693116314854,0.32221428893792786,0.06522041511589144,7.545207078751861e-05
34,0.9197498043915173,1.3715800940990448,0.11855713111514868,0.845111800591149,0.09680523632619685,0.28537596124209985,0.06884587165304491,7.40876837050858e-05
35,0.9094400492068884,1.428783336954732,0.11230928562123657,0.8175659797449109,0.09581785029558564,0.26145229576727147,0.06631983357499908,7.269952498697738e-05
