epoch,train_loss,val_loss,val_accuracy,val_precision,val_recall,val_f1,val_iou,learning_rate,epoch_time
1,1.4001667721887652,1.3142924085259438,0.9580323696136475,0.0,0.0,0.0,0.0,0.0001,97.95507001876831
2,1.2676772133687908,1.275159552693367,0.9462904930114746,0.03390536014984958,0.010181528933837107,0.01566036581635774,0.007891978543683334,9.997557473810373e-05,99.94651484489441
3,1.2238938178908958,1.2105441763997078,0.9578857421875,0.04052098408104197,0.0001590863895912048,0.0003169285099832481,0.000158489369891548,9.990232305719946e-05,97.31420588493347
4,1.1975653471571677,1.1811735033988953,0.9579555988311768,0.0,0.0,0.0,0.0,9.978031724785248e-05,97.28186702728271
5,1.1735408895471122,1.2146498188376427,0.957871675491333,0.0,0.0,0.0,0.0,9.960967771506668e-05,98.49023675918579
6,1.1573182912355058,1.1680261865258217,0.9537975788116455,0.02157770124838571,0.0022783443652168974,0.004121507382226128,0.002065009166374853,9.939057285945934e-05,99.74755001068115
7,1.146012702148952,1.1473011374473572,0.9577658176422119,0.19441460794844254,0.0020567597511434335,0.004070457139323202,0.0020393791724176782,9.912321891107012e-05,100.62508893013
8,1.1307787817515684,1.1588692143559456,0.9459331035614014,0.1607414931437278,0.06833328598619358,0.09589876687916374,0.0503643216080402,9.880787971596802e-05,105.93795585632324
9,1.1265301052104222,1.1647660806775093,0.9294116497039795,0.14923105688776703,0.14510951393426322,0.14714142918458642,0.07941320050122976,9.844486647586726e-05,102.41521120071411
10,1.1172060827190957,1.1229608803987503,0.9567317962646484,0.35662284606924005,0.038686400954518335,0.0698008180504157,0.036162494888177216,9.80345374410087e-05,104.62599086761475
11,1.1068291701627582,1.1405560672283173,0.9394469261169434,0.1973215325492023,0.14440498849464503,0.1667661822118697,0.09096830998518221,9.757729755661012e-05,105.32742691040039
12,1.1001178117280597,1.17067139595747,0.895972490310669,0.12918931546499834,0.2576460895997273,0.17208932539178054,0.09414536923619905,9.707359806323419e-05,104.90204691886902
13,1.093889764185702,1.1618637666106224,0.9061081409454346,0.14203962765258094,0.24552143405016902,0.17996530879544895,0.0988801530350736,9.652393605146847e-05,105.8418960571289
14,1.086567223473881,1.1294870525598526,0.9300544261932373,0.19168531769798988,0.20729524729411097,0.1991849168675258,0.1106082011047178,9.592885397135708e-05,104.82340407371521
15,1.077746612570259,1.1108571328222752,0.9422645568847656,0.24782147948798097,0.18468793500184655,0.2116468948992747,0.11834737462955007,9.5288939097068e-05,111.1771891117096
16,1.077903547983491,1.0981940180063248,0.9486865997314453,0.27938843700428634,0.14109826425385644,0.1875028313425849,0.10344999958343401,9.460482294732424e-05,108.50024318695068
17,1.066280100318823,1.1847970485687256,0.8945350646972656,0.1378231888235886,0.2879350018465385,0.1864162381278186,0.10278887694460784,9.387718066217127e-05,109.78929209709167
18,1.0663244819373228,1.167743906378746,0.8982558250427246,0.14622879765677246,0.29442913553592226,0.19540789007292772,0.1082836885953273,9.310673033669524e-05,107.66496300697327
19,1.065893151519004,1.131570141762495,0.9230444431304932,0.17915759467659995,0.23282293116672823,0.2024949904998629,0.1126533664327167,9.229423231234978e-05,108.74633383750916
20,1.0562311108192701,1.1070095226168633,0.9297447204589844,0.20287939107138386,0.23018664242493111,0.21567207878626563,0.12087020340945027,9.144048842659084e-05,108.05479788780212
21,1.054817685652315,1.0934410728514194,0.9461038112640381,0.26585393237401994,0.16144427715121729,0.20089293604866962,0.11166257977302022,9.054634122155993e-05,108.24510407447815
22,1.0454433411694644,1.112924411892891,0.934607982635498,0.20865821914153063,0.19993750177551775,0.20420479669465608,0.11371274203138329,8.96126731125967e-05,111.22550678253174
23,1.03849008592327,1.1359595283865929,0.9183650016784668,0.17024110090724967,0.24403852163290815,0.2005668844237531,0.11146115000752554,8.864040551740159e-05,109.10367202758789
24,1.0416730778940608,1.1321710459887981,0.9150052070617676,0.17458468705940047,0.27508309423027755,0.21360345535001302,0.11957225062359536,8.763049794670778e-05,108.73865413665771
25,1.0321196673961168,1.11668461561203,0.9247753620147705,0.18770426482570893,0.23820914178574473,0.2099622652848132,0.11729488223231246,8.65839470573599e-05,106.37637495994568
26,1.025536980789699,1.1014193259179592,0.9409778118133545,0.228871104644113,0.1715860344876566,0.19613127806804198,0.10872813286433826,8.550178566873413e-05,111.82125282287598
27,1.0217811887183885,1.147326499223709,0.9082040786743164,0.16284966755168997,0.28680435214908667,0.20774191424303157,0.11591071391667948,8.438508174347012e-05,803.627876996994
28,1.0204103301080425,1.0981424450874329,0.9352016448974609,0.22200744184966534,0.2172949632112724,0.21962592671287545,0.1233594276664441,8.32349373335208e-05,896.4763021469116
29,1.0142105105217922,1.1085780039429665,0.92942214012146,0.18910923916985276,0.20739751711599103,0.1978316184819162,0.1097742145022374,8.205248749256017e-05,97.14308905601501
30,1.0105890378523408,1.105750184506178,0.9299302101135254,0.20069970194119052,0.22457316553507004,0.21196634365296851,0.11854717773378921,8.083889915582238e-05,97.16714906692505
31,0.9977381703558933,1.1377158239483833,0.9153783321380615,0.15803817838494882,0.23490809920172723,0.18895431871102492,0.1043343747003336,7.959536998847746e-05,97.82282590866089
32,1.003315666284454,1.1031886786222458,0.9346225261688232,0.21997536440156026,0.21916422828896906,0.21956904721924175,0.12332353966117518,7.83231272036805e-05,98.15226411819458
33,1.0033506895718949,1.12445168197155,0.926511287689209,0.1857272558740903,0.22199369336098407,0.20224753997380804,0.1125002159478961,7.702342635146036e-05,98.00048422813416
34,0.9959716111086727,1.1301416493952274,0.9204320907592773,0.18024465104586904,0.2525780517598932,0.21036716653811027,0.11754766821704607,7.56975500796434e-05,98.4547791481018
35,0.9875028160180939,1.1239061281085014,0.934844970703125,0.21137241637143722,0.20237493253032585,0.20677584335216156,0.11530953483177349,7.434680686803493e-05,98.81137681007385
36,0.9799602963951196,1.1414155177772045,0.9100909233093262,0.1616295543493258,0.27288997471662735,0.20301543221617785,0.1129756125098792,7.297252973710759e-05,99.3893358707428
37,0.9806292383858327,1.1054762229323387,0.9285023212432861,0.20602111138533974,0.24662367546376524,0.22450135377310917,0.12644411430568905,7.157607493247112e-05,107.43354797363281
38,0.9805862566058555,1.1007203683257103,0.9365549087524414,0.23809856002604393,0.23270361637453482,0.23537017774738378,0.13338218292543924,7.015882058642166e-05,1086.565791130066
39,0.9753702678037494,1.110772680491209,0.9206233024597168,0.1858396095342198,0.2637084173745064,0.2180299606818897,0.12235332574127969,6.87221653578916e-05,1090.930999994278
40,0.9715412316697367,1.1331415101885796,0.908926248550415,0.16816272086399547,0.2965427118547769,0.21461952353832522,0.12020940430785106,6.726752705214197e-05,1057.7827579975128
41,0.9605415636234069,1.1295085474848747,0.9175605773925781,0.159030017714187,0.22494247322519248,0.1863290019248961,0.1027358336339126,6.579634122155994e-05,1008.4292640686035
42,0.9604424891846903,1.1015465073287487,0.940483808517456,0.24042787234342608,0.19372745092468963,0.21456596910859188,0.12017580341597174,6.431005974894189e-05,98.58745002746582
43,0.9537435399012619,1.1421205587685108,0.8960022926330566,0.15547663878097417,0.33357006903212977,0.21209570498069064,0.11862810865857897,6.281014941466034e-05,1040.3915431499481
44,0.9562002771356133,1.1100184209644794,0.9322090148925781,0.1955369438745398,0.19764779409675862,0.19658670283405386,0.109008125393657,6.12980904491289e-05,1142.409847021103
45,0.9458409096417802,1.0998845621943474,0.9433600902557373,0.23006629950538465,0.14905258373341668,0.1809035523543873,0.09944692739547914,5.977537507199341e-05,404.73561692237854
46,0.9470843690164973,1.1344448365271091,0.9180245399475098,0.1606538416431775,0.22570949688929293,0.1877046508001758,0.10357288114382254,5.8243506019491463e-05,98.44415616989136
47,0.9354980642875929,1.1007120311260223,0.9424500465393066,0.24268115086393513,0.1751597965966876,0.20346488912354804,0.11325405659580252,5.67039950614331e-05,1077.540654182434
48,0.9358620622184839,1.0908792205154896,0.9412143230438232,0.24405478736524427,0.19113661543706145,0.21437834358779917,0.12005810011206042,5.515836150926649e-05,1028.3709318637848
49,0.9253287705142846,1.118064045906067,0.922724723815918,0.18234383243755656,0.24152722934007556,0.20780376207422468,0.11594922345932912,5.3608130716701046e-05,1038.0491092205048
50,0.9276696064498987,1.1462842524051666,0.8971445560455322,0.13736347992026035,0.2748331013323485,0.18317488748482919,0.10082141986206149,5.205483257436738e-05,447.8805561065674
51,0.9187565701731135,1.1221025921404362,0.9285922050476074,0.17845147650762078,0.19471037754609244,0.18622672165979254,0.10267364939360529,5.050000000000003e-05,996.258152961731
52,0.9138638509793228,1.1037125512957573,0.9341907501220703,0.21986769063583556,0.22301070992301356,0.22142804759030368,0.1244976607723416,4.894516742563268e-05,97.53699612617493
53,0.9145943325557065,1.1328415051102638,0.9135258197784424,0.1670554414198482,0.2661117581886878,0.2052575415285304,0.11436601422097202,4.739186928329902e-05,996.8826599121094
