epoch,time_s,lr,train_loss,train_bce,train_dice,train_edge,val_loss,val_accuracy,val_precision,val_recall,val_f1,val_iou,val_kappa,val_best_threshold,val_best_f1,val_best_iou
1,340.1,0.0001,1.2750251598572464,0.4565485132544228,0.8068579407220476,0.02904676565515555,1.1669975891709328,0.9748804122209549,0.6416854553589444,0.9090161163639255,0.7523077698432207,0.6029594091073961,0.7394906402189046,0.72,0.7971779981753271,0.6627564153016934
2,463.3,9.989829694114165e-05,1.0189114685808676,0.2964314127905985,0.713888730091995,0.021478307581876355,0.9873295491561294,0.9862336963415146,0.7929293038740601,0.9094667126850143,0.8472092279016844,0.7349202027004343,0.8400367274715853,0.67,0.8624416694815442,0.7581516009719486
3,444.6,9.959360568425069e-05,0.8587413186437628,0.21307906505097166,0.6378292030163025,0.0195826239220316,0.8922314736992121,0.9837216883897781,0.7482516455312662,0.9224668959062134,0.8262760670819705,0.7039782046769221,0.8178342015928637,0.78,0.8512858766395681,0.7410772265507006
4,394.5,9.908717827105773e-05,0.7342495872733298,0.15667399748992383,0.5704765129625128,0.0177476956939725,0.8023951058275998,0.9851734191179276,0.7649459640710897,0.9335649164071033,0.8408856524992351,0.7254553050027538,0.8331904288960638,0.91,0.8725942850286349,0.7739842662149338
5,425.9,9.838109572043197e-05,0.6393423691894231,0.12042845080742676,0.512554827834783,0.015897725104469428,0.7058257218450308,0.9881811439990997,0.8255746064687564,0.9108000374964315,0.8660957877278473,0.7638174180448078,0.8599291051145803,0.73,0.8737430769165376,0.7757937456441172
6,405.8,9.74782594770281e-05,0.5356334150507209,0.09359679340981365,0.43582737419042694,0.015523121863118964,0.6476403991691768,0.9885333776473999,0.8288128361214803,0.915945854584862,0.8702036396389711,0.770230521331203,0.86422102476018,0.83,0.8810017007485972,0.787312814807652
7,432.2,9.638237948862809e-05,0.47885387660412304,0.08077135621831658,0.3924990932593185,0.013958569041229628,0.5908769317902625,0.9886585175991058,0.8251194229981896,0.9260070419434514,0.8726570141421565,0.7740829766001642,0.8667425932958102,0.87,0.8840479955749516,0.792191771751352
8,433.4,9.509795896116974e-05,0.42510937040441493,0.07229357650608159,0.34744692665807314,0.013422171294092714,0.5364472994115204,0.9888896495103836,0.830932261222752,0.9230652054420957,0.8745789808607554,0.7771127124759581,0.8687831302756476,0.84,0.8852142024855861,0.7940666309700994
9,424.6,9.363027585410778e-05,0.38602019384335934,0.06476303248174405,0.3161157983072688,0.012853406743347427,0.5066776578314602,0.9909926503896713,0.9165949361318853,0.8639813398440773,0.8895108080438263,0.801008073277071,0.8848200306032772,0.33,0.8906014282125811,0.8027785963142892
10,409.5,9.198536119214612e-05,0.3592625813537769,0.05835378828008523,0.29590330954348104,0.01251370674617238,0.49405632191337645,0.9902500808238983,0.8772051711166725,0.892622080000909,0.8848464774573603,0.793475032424091,0.8797564193928016,0.65,0.8853992964342008,0.7943645590763185
11,379.7,9.016997428246385e-05,0.33382924472013215,0.05847549182729105,0.2703097299243627,0.012610057340729265,0.4592318239156157,0.9904774874448776,0.8884877721856971,0.8840422857483734,0.8862594543508034,0.7957503727532924,0.8812902135441735,0.45,0.8863236811135164,0.7958539353694015
12,376.5,8.819157493927216e-05,0.31607601912168976,0.054362788919903586,0.25674787719597975,0.012413380397653752,0.455586442258209,0.9907596558332443,0.896559034083912,0.8815173129829974,0.8889745504572998,0.8001387824403149,0.8841541280896023,0.4,0.8890844666865324,0.8003168918114849
13,380.8,8.605829282983752e-05,0.3070731347782558,0.05390650793449597,0.2486956853545114,0.011177353467358986,0.40655992238316685,0.9913381785154343,0.896444390047485,0.8972455746399135,0.896844803411787,0.8129815335009133,0.8923240942342572,0.59,0.8971900090403534,0.8135490396306926
14,373.9,8.377889406793519e-05,0.28723766073751983,0.05515153504949942,0.22734852212198664,0.011844009741437046,0.39249755715718493,0.9905336201190948,0.8854922056335499,0.889444470483633,0.8874639377896535,0.7976945358755133,0.8825229581163041,0.5,0.8874639377896535,0.7976945358755133
15,375.3,8.136274519200731e-05,0.2583338448673152,0.04779078599191114,0.20606649993510728,0.011191397988540906,0.3918825277360156,0.9902851432561874,0.8732688382784256,0.8989648712409473,0.8859305683499245,0.7952202467648277,0.8808582098780955,0.57,0.8860778332506517,0.795457581956922
16,374.9,7.88197746760474e-05,0.2508882685658637,0.05007985412572207,0.1962910812892271,0.011293329579626168,0.3794652573997155,0.9909753352403641,0.8883482848528863,0.897789556959778,0.8930439682915592,0.8067564950283196,0.8883330188652933,0.55,0.8931669103252495,0.8069571814009574
17,372.5,7.616043213137101e-05,0.25601392410946694,0.047314280329083795,0.20433738847796837,0.010905635220670989,0.37522934563457966,0.9916218519210815,0.9044809052252584,0.8948601482529361,0.8996448064998626,0.8175949110015721,0.8952733834230135,0.55,0.8997089982720429,0.8177009508021885
18,374.5,7.339564536692136e-05,0.239226078175092,0.045191013986726154,0.1897906060968892,0.010611144026196588,0.34057882777415216,0.9913859218358994,0.8912910231213044,0.9051322530384183,0.8981583155561108,0.8151427997656672,0.893661360408429,0.61,0.8984405093910554,0.815607796991877
19,376.3,7.053677548455849e-05,0.22879874004741732,0.043692939772448515,0.18100656927301642,0.01024807521566033,0.3349736999371089,0.991620346903801,0.8955394393667492,0.9060021986543895,0.9007404368840615,0.8194065051668425,0.8963661141784962,0.55,0.900812913657417,0.8195264708347031
20,374.7,6.759557019385473e-05,0.22810078795706287,0.043076795544422994,0.18093814729304797,0.010214614062351756,0.3377805975615047,0.991254135966301,0.9231085743264044,0.863522931766437,0.892322137746574,0.8055791021509277,0.8877693822289218,0.13,0.8972149773979188,0.8135901005264755
21,377.8,6.458411553823611e-05,0.2340879543443744,0.04613397407209438,0.18366674385713727,0.010718092005379404,0.3260628148855176,0.9922109842300415,0.9197180500523743,0.8922826236707586,0.9057926375401323,0.8278071128161999,0.9017311605533339,0.4,0.9061257136187576,0.8283636656424248
22,378.4,6.151478623083756e-05,0.21435482668575276,0.04532331253684471,0.16499147187457996,0.010100105810950359,0.3425995648140088,0.9917373657226562,0.9030294045112481,0.8997254522651964,0.901374400771793,0.8204563969791125,0.8970624763783621,0.56,0.9014232137241922,0.8205372851360084
23,379.7,5.840019480415228e-05,0.19916796925362576,0.04479406423071462,0.15021988555286708,0.01038504896923871,0.3359824192884844,0.9912704229354858,0.8899979996838662,0.9036753604415488,0.8967845328319312,0.8128824871663178,0.8922272921370457,0.53,0.8968013243934189,0.8129100806800035
24,377.8,5.5253139782430254e-05,0.21724832497453422,0.04373642051555844,0.1693528194106027,0.010397711783494497,0.32788717132643797,0.9914399683475494,0.8924329430151293,0.9051191150842178,0.8987312629020002,0.8160871480564186,0.8942626066412712,0.54,0.8987788392476282,0.8161656089441364
25,378.5,5.208655308979695e-05,0.21389369944508155,0.04256083206142812,0.16724414343244573,0.01022180946762255,0.32344216253841296,0.9914548397064209,0.8841286587767825,0.9164898369047264,0.9000184461378007,0.8182123081770796,0.8955566381355998,0.7,0.9009508605556104,0.8197548482782804
26,377.3,4.891344691020307e-05,0.21401975714507399,0.04363038700618101,0.1665022349089719,0.009717837764944991,0.3196328832709696,0.9919347167015076,0.9093923113245574,0.8972058056974691,0.9032579561435305,0.823582866366104,0.8990501038419184,0.47,0.9033465902229829,0.8237302525751147
27,378.8,4.5746860217569755e-05,0.19901854491300797,0.043335539983125046,0.15164102423057127,0.010104953801047496,0.3169840916816611,0.9917439073324203,0.8978528152232217,0.9063831993262005,0.9020978415501725,0.821655950493695,0.8977881743584,0.59,0.9023044148547963,0.8219987645622525
28,381.0,4.2599805195847745e-05,0.18226941428827437,0.03886784281335729,0.13964011990622188,0.00940362978285163,0.310637621791102,0.9917923659086227,0.8995419874253767,0.9055491167743979,0.9025355565924772,0.8223825036100396,0.8982513991759589,0.52,0.9025431455753911,0.8223951054992406
29,382.8,3.9485213769162445e-05,0.20623502878241995,0.04252008400135412,0.1597611928254031,0.009884379425114205,0.30590529074834194,0.9920897483825684,0.9082716899806209,0.9026690641657683,0.9054617104682962,0.8272544863238145,0.9013339335353037,0.49,0.9054655911152223,0.8272609648131595
30,380.5,3.64158844617639e-05,0.18689689479684563,0.04013961363764312,0.14294826609365055,0.009522536122942378,0.3115852847986389,0.9917475879192352,0.8906806136622812,0.9157494954315427,0.903041106817078,0.8232223763616388,0.8987323669731491,0.65,0.9034119281330059,0.8238389157333283
31,379.5,3.3404429806145285e-05,0.20460688853950312,0.0379961831080518,0.1631179379613212,0.008731917063704806,0.30213359065237455,0.9924987554550171,0.9158652756950363,0.9043276421136056,0.9100598921790697,0.8349632109589149,0.9061462218973637,0.46,0.9101167468426099,0.8350589333362113
32,378.0,3.0463224515441506e-05,0.19076064219802952,0.039396924135181005,0.1476685088671995,0.009238022995924347,0.2981211428414099,0.9925945848226547,0.9244965724353298,0.8967758040072891,0.9104252255415421,0.8355784723393977,0.9065637946858577,0.41,0.910707854720196,0.8360547339540989
33,377.8,2.7604354633078666e-05,0.19485801600673225,0.03877606670688733,0.15244483465559028,0.009092785659914226,0.30651811277493834,0.9919273406267166,0.9006592629205915,0.907760554038181,0.9041959658276126,0.8251438556808308,0.8999821692159925,0.5,0.9041959658276126,0.8251438556808308
34,386.7,2.4839567868629013e-05,0.1774989236439212,0.03814953486866768,0.13550063599361462,0.009621881032388742,0.3000485101802042,0.9920888245105743,0.9021639896301938,0.9101910755652516,0.9061597562497415,0.8284205682019434,0.9020301780486111,0.51,0.9061702179966004,0.8284380558160592
35,378.4,2.2180225323952613e-05,0.18177806228148133,0.03744961056175505,0.14075040294882957,0.008945120820233446,0.2979320120939519,0.992170050740242,0.911670233814404,0.9006855881613539,0.9061446221494899,0.8283952709819071,0.9020593909924736,0.35,0.906510067837846,0.8290063229438307
36,377.2,1.9637254807992694e-05,0.17716031317714226,0.03634519847358441,0.13720462375812317,0.009026228050903085,0.2976209552434739,0.9921090453863144,0.9035308675177341,0.9090217976414177,0.9062680154933463,0.8286015480311056,0.9021492020290232,0.52,0.9062937424832491,0.8286445617866173
37,378.4,1.7221105932064817e-05,0.18164864653784238,0.03647835674261402,0.14166853910081842,0.008754377743573283,0.29365988707286306,0.9922039359807968,0.9080528168149401,0.9059631398716316,0.9070067747293619,0.8298375083750187,0.9029382043223975,0.42,0.9070940387214417,0.829983613283854
38,380.4,1.4941707170162492e-05,0.1720184658266855,0.037662466214394216,0.13066081170285684,0.009237968089602484,0.294657344231382,0.9922659248113632,0.9054914718118803,0.9107634642725764,0.9081198166096146,0.8317028099088872,0.9040829083161589,0.51,0.9081321123254503,0.8317234370355756
39,380.4,1.2808425060727847e-05,0.18327626119671242,0.03580121521804001,0.14387296866834834,0.009005193364249903,0.2996597762830788,0.9923647791147232,0.9170461132087221,0.8994197285201551,0.9081474005562522,0.831749085012862,0.904164631923222,0.37,0.9084257019284024,0.8322160970015964
40,378.6,1.0830025717536153e-05,0.1990245161180416,0.03615117446621462,0.1593205005935069,0.00888210391173508,0.3010876750340685,0.9921579509973526,0.906400370552439,0.9067695261956603,0.9065849107945902,0.8291315162418421,0.9024920937018521,0.42,0.9066646838814574,0.8292649752687165
41,377.1,9.01463880785389e-06,0.18200964312372583,0.035726400901265234,0.14262294514795368,0.009150741816299844,0.3008103622996714,0.9920878410339355,0.896550228251869,0.9173058103845231,0.9068092683863445,0.8295069123462161,0.9026783672173303,0.6,0.906965519764355,0.8297684438727169
42,378.3,7.369724145892224e-06,0.1799302763106783,0.03405335495422406,0.14242035405019696,0.008641419629942432,0.2990815777448006,0.9922687113285065,0.9026693541319779,0.9143625535637944,0.9084783290509926,0.8323044363023315,0.9044423837226809,0.57,0.9085576219755777,0.8324375526082493
43,375.4,5.902041038830258e-06,0.17290843901423256,0.035448565980709904,0.13406893162245162,0.008477353491931414,0.2989183770841919,0.9922147691249847,0.904633954105699,0.9104666175236164,0.9075409144434294,0.8307321770142708,0.90347725712997,0.48,0.907547958510045,0.8307439814678491
44,375.5,4.617620511371929e-06,0.178049540913172,0.03626731173580073,0.13811331357848777,0.009172289269116937,0.29731823813926894,0.9923189580440521,0.9144215251159976,0.9013208260009345,0.9078239143605329,0.8312065483735653,0.9038166386691695,0.36,0.9082126031698687,0.8318584788638802
45,373.3,3.5217405229719025e-06,0.17036731660868346,0.03530272602638638,0.13165724384650757,0.008518366139493961,0.2956909793574596,0.9922569245100021,0.9024315452190732,0.9143469300506912,0.9083501639675039,0.8320893147099453,0.9043080502475218,0.54,0.9083720864438967,0.8321261074066623
46,373.6,2.6189042795680423e-06,0.17587548460853233,0.03580922366197095,0.1366346935207924,0.008578916421791883,0.2921617638494354,0.9922765642404556,0.904740483929318,0.911979967815563,0.9083458014939157,0.8320819933061003,0.9043142855039463,0.52,0.9083606049074491,0.8321068376525901
47,375.3,1.912821728942261e-06,0.17290624428038182,0.03399595432532847,0.1355734542514501,0.008342089010464692,0.29808039269119035,0.9923161566257477,0.904304802421526,0.9135781821900473,0.9089178396358791,0.833042526634796,0.9049068347882154,0.53,0.9089522759276751,0.8331003822041988
