image,v1_change_%,v2_change_%,v2rgb_change_%,ens_avg_change_%,ens_max_change_%,v2_x2_change_%,v2_x4_change_%,v1_v2_agreement_iou
test_1.png,8.895,1.928,13.096,1.045,3.529,0.538,0.0,0.0498
test_10.png,9.587,2.55,9.514,1.381,4.407,0.455,0.003,0.0512
test_11.png,7.619,0.971,5.108,0.944,3.366,0.099,0.0,0.0603
test_12.png,3.043,0.503,2.812,0.425,1.482,0.02,0.0,0.0479
test_2.png,21.5,4.092,17.036,3.519,10.293,0.881,0.009,0.0632
test_3.png,14.547,3.008,10.223,2.279,7.222,0.672,0.001,0.076
test_4.png,10.615,2.197,8.063,1.521,4.824,0.677,0.002,0.0596
test_5.png,14.589,1.492,9.338,1.287,5.89,0.692,0.011,0.0236
test_6.png,10.007,2.057,9.077,1.536,4.942,0.851,0.022,0.0766
test_7.png,9.254,1.771,5.586,1.137,4.143,0.25,0.006,0.0535
test_8.png,3.151,0.981,1.984,0.581,1.67,0.106,0.0,0.082
test_9.png,3.716,0.249,3.149,0.199,1.558,0.013,0.008,0.0
